algorithm,filename,run,comp_time_ms,decomp_time_ms,orig_size_b,compressed_size_b,compression_ratio_pct,comp_cycles,comp_instructions,comp_branch_misses,comp_cache_misses,comp_minor_faults,comp_major_faults,comp_read_calls,decomp_cycles,decomp_instructions,decomp_branch_misses,decomp_cache_misses,decomp_minor_faults,decomp_major_faults,decomp_read_calls,decomp_write_calls
gzip,testfile_10M.txt,1,1160,100,10485798,3917558,37.36,2541965737,2583217692,26848601,658519,318,0,327,15,236618405,345095039,1920406,231402,324,0,22,321
bzip2,testfile_10M.txt,1,1380,670,10485798,2272793,21.67,3065737577,3556797853,54421903,14561729,1806,0,2569,555,1541302533,1207367696,12323950,9043351,1151,0,563,2561
xz,testfile_10M.txt,1,8300,90,10485798,1180484,11.26,19043865926,19366006348,201444598,201178494,27224,0,1289,145,222870340,278041035,3458803,820620,2315,0,153,1281
zstd,testfile_10M.txt,1,120,30,10485798,2507782,23.92,273172109,371009100,1394861,2395157,3769,0,91,41,82958675,155848311,345270,682573,1093,0,49,323
gzip,testfile_10M.txt,2,1090,100,10485798,3917558,37.36,2549575214,2582950296,26847565,577374,318,0,327,15,233985111,344918594,1903996,190506,318,0,22,321
bzip2,testfile_10M.txt,2,1330,660,10485798,2272793,21.67,3067179695,3555965231,54417211,13897699,1807,0,2569,555,1534816600,1206827901,12210911,8943782,1148,0,563,2561
xz,testfile_10M.txt,2,8290,90,10485798,1180484,11.26,19095180640,19367755682,201744015,203295105,27227,0,1289,145,226595355,278000827,3485422,815841,2315,0,153,1281
zstd,testfile_10M.txt,2,110,30,10485798,2507782,23.92,283478684,371095114,1402078,2681751,3767,0,91,41,81651551,155861337,351181,692619,1097,0,49,323
gzip,testfile_10M.txt,3,1160,100,10485798,3917558,37.36,2505456262,2582877419,26840304,562186,322,0,327,15,241452428,345150238,1998054,252942,323,0,22,321
bzip2,testfile_10M.txt,3,1320,670,10485798,2272793,21.67,3045980263,3555832383,54438540,12788107,1809,0,2569,555,1531232845,1207333134,12289447,8885728,1151,0,563,2561
xz,testfile_10M.txt,3,8290,90,10485798,1180484,11.26,19044737472,19364091897,201373681,201553365,27225,0,1289,145,223655910,278125759,3468291,834652,2319,0,153,1281
zstd,testfile_10M.txt,3,110,30,10485798,2507782,23.92,271797843,370993492,1393799,2509855,3770,0,91,41,81438363,155817989,349031,698103,1092,0,49,323
gzip,testfile_11M.txt,1,1230,110,11534375,4307848,37.35,2816546326,2841791861,29540283,580157,318,0,359,17,256020881,378935242,2074391,196064,323,0,24,353
bzip2,testfile_11M.txt,1,1470,730,11534375,2486882,21.56,3374289877,3918447286,59931586,15726270,1809,0,2825,608,1699995604,1322526676,13454190,10182231,1147,0,616,2817
xz,testfile_11M.txt,1,9170,100,11534375,1277868,11.08,21036265660,21302409047,222139676,225786781,27482,0,1417,156,241144377,300287897,3782688,912730,2316,0,164,1409
zstd,testfile_11M.txt,1,130,30,11534375,2738647,23.74,300753525,403250536,1517427,2891953,4026,0,99,43,88019277,168935751,377898,771815,1095,0,51,355
gzip,testfile_11M.txt,2,1200,110,11534375,4307848,37.35,2745137027,2841818213,29552878,641513,316,0,359,17,256245251,378917921,2073176,201972,319,0,24,353
bzip2,testfile_11M.txt,2,1450,740,11534375,2486882,21.56,3359134694,3917773512,59899642,15226864,1806,0,2825,608,1675165080,1322331037,13436304,9251925,1150,0,616,2817
xz,testfile_11M.txt,2,9160,100,11534375,1277868,11.08,21006948608,21301721626,222052838,224273022,27482,0,1417,156,241705828,300200671,3809130,925568,2314,0,164,1409
zstd,testfile_11M.txt,2,120,30,11534375,2738647,23.74,299182526,402840577,1516601,2787258,4027,0,99,43,90823077,168975359,366752,791882,1097,0,51,355
gzip,testfile_11M.txt,3,1270,110,11534375,4307848,37.35,2737095086,2841644674,29583372,612553,316,0,359,17,258521870,379013035,2094579,250555,326,0,24,353
bzip2,testfile_11M.txt,3,1460,730,11534375,2486882,21.56,3351016226,3917991341,59951271,13866724,1808,0,2825,608,1680446736,1322295431,13530775,9577335,1149,0,616,2817
xz,testfile_11M.txt,3,9170,100,11534375,1277868,11.08,20991466772,21302327691,222000161,223371505,27484,0,1417,156,242169378,300458524,3806591,911258,2313,0,164,1409
zstd,testfile_11M.txt,3,120,30,11534375,2738647,23.74,304124657,402332289,1521855,2800753,4027,0,99,43,93850788,169044465,375351,824473,1096,0,51,355
gzip,testfile_12M.txt,1,1370,120,12582939,4696173,37.32,3018000845,3100719228,32221843,672876,318,0,391,18,279058791,412740896,2266736,229966,326,0,25,385
bzip2,testfile_12M.txt,1,1600,800,12582939,2705609,21.50,3667162876,4270143719,65306286,15989667,1807,0,3081,661,1867590745,1439488958,14640979,11436976,1147,0,669,3073
xz,testfile_12M.txt,1,10060,110,12582939,1377424,10.95,23157867154,23306509791,243414734,250870947,27737,0,1545,169,259505215,320982996,4062972,1074268,2318,0,177,1537
zstd,testfile_12M.txt,1,130,40,12582939,2980572,23.69,325173520,435818421,1642814,3100152,4279,0,107,47,95971248,183358306,415417,809691,1092,0,55,387
gzip,testfile_12M.txt,2,1300,120,12582939,4696173,37.32,3050764872,3100047766,32214621,619008,317,0,391,18,278388447,412663660,2261263,206942,320,0,25,385
bzip2,testfile_12M.txt,2,1600,810,12582939,2705609,21.50,3662616179,4270850905,65304991,16230002,1809,0,3081,661,1847939405,1439270573,14544599,10935638,1151,0,669,3073
xz,testfile_12M.txt,2,10100,110,12582939,1377424,10.95,23135729448,23306291994,243783211,251840233,27739,0,1545,169,258967985,321076615,4046357,1089006,2315,0,177,1537
zstd,testfile_12M.txt,2,120,40,12582939,2980572,23.69,322780962,435699622,1640919,3102550,4278,0,107,47,95761376,183333193,418099,795986,1099,0,55,387
gzip,testfile_12M.txt,3,1330,120,12582939,4696173,37.32,3014509033,3101201877,32230934,728408,320,0,391,18,290382765,412764820,2273350,216665,327,0,25,385
bzip2,testfile_12M.txt,3,1620,810,12582939,2705609,21.50,3662136032,4270283631,65313655,15337871,1807,0,3081,661,1859595509,1439622726,14666874,11338981,1151,0,669,3073
xz,testfile_12M.txt,3,10080,110,12582939,1377424,10.95,23128500705,23306726859,243600175,252054719,27740,0,1545,169,257595517,320922099,4037237,1031778,2316,0,177,1537
zstd,testfile_12M.txt,3,130,40,12582939,2980572,23.69,321481531,435729980,1646845,3008984,4282,0,107,47,96077022,183320640,417169,822198,1097,0,55,387
gzip,testfile_13M.txt,1,1440,130,13631542,5091205,37.35,3266271638,3358319324,34891558,670565,321,0,423,20,301908084,446818065,2464352,237863,320,0,27,417
bzip2,testfile_13M.txt,1,1730,860,13631542,2944591,21.60,3954483100,4623066476,70625848,17272332,1809,0,3337,719,2019275265,1561900308,15994554,12029148,1150,0,727,3329
xz,testfile_13M.txt,1,10960,120,13631542,1474128,10.81,25127392743,25200262985,263783953,276882111,27871,0,1673,180,283008602,341852441,4320885,1273588,2316,0,188,1665
zstd,testfile_13M.txt,1,140,40,13631542,3225874,23.66,347493761,469319714,1767790,3244317,4539,0,115,51,101889997,197386477,441720,905810,1096,0,59,419
gzip,testfile_13M.txt,2,1480,130,13631542,5091205,37.35,3284050275,3358348521,34889211,653776,319,0,423,20,304231504,446926945,2457073,264015,321,0,27,417
bzip2,testfile_13M.txt,2,1730,870,13631542,2944591,21.60,3973723619,4624248478,70589235,17864440,1807,0,3337,719,2001545922,1561719891,15969083,11943498,1148,0,727,3329
xz,testfile_13M.txt,2,10930,120,13631542,1474128,10.81,25064839099,25195164437,263634610,273697451,27870,0,1673,180,274086532,341583493,4299628,1113550,2316,0,188,1665
zstd,testfile_13M.txt,2,140,40,13631542,3225874,23.66,352051860,469333186,1763764,3265758,4541,0,115,51,100920101,197399284,440895,843637,1098,0,59,419
gzip,testfile_13M.txt,3,1440,130,13631542,5091205,37.35,3234849054,3358949235,34927907,713418,320,0,423,20,302205159,446922083,2461456,228852,323,0,27,417
bzip2,testfile_13M.txt,3,1720,880,13631542,2944591,21.60,3959157319,4623564240,70630795,17554517,1808,0,3337,719,2002530013,1561869485,15896728,11914907,1152,0,727,3329
xz,testfile_13M.txt,3,10970,120,13631542,1474128,10.81,25111497146,25195677462,263975474,272698491,27869,0,1673,180,276085932,341557171,4317526,1190483,2311,0,188,1665
zstd,testfile_13M.txt,3,140,40,13631542,3225874,23.66,358070246,469453963,1771516,3492817,4538,0,115,51,102215408,197367250,437885,870763,1098,0,59,419
gzip,testfile_14M.txt,1,1550,140,14680096,5479146,37.32,3498972713,3615401583,37606653,705476,317,0,455,21,325609111,480640721,2639819,259086,323,0,28,449
bzip2,testfile_14M.txt,1,1890,930,14680096,3172974,21.61,4267555591,4991565091,76337683,18154092,1804,0,3593,775,2153406559,1681440981,17109495,12803721,1153,0,783,3585
xz,testfile_14M.txt,1,11820,130,14680096,1573248,10.72,27098008286,27198636358,284695041,297451044,27871,0,1801,193,302019143,363113048,4609450,1425277,2320,0,201,1793
zstd,testfile_14M.txt,1,150,40,14680096,3463687,23.59,375791406,502219153,1887329,3384719,4794,0,123,55,107590683,211440145,487341,934777,1096,0,63,450
gzip,testfile_14M.txt,2,1580,140,14680096,5479146,37.32,3642484587,3615903690,37613997,781478,319,0,455,21,324466652,480656235,2641325,241607,321,0,28,449
bzip2,testfile_14M.txt,2,1860,940,14680096,3172974,21.61,4276312577,4991140088,76376972,18535079,1808,0,3593,775,2150247413,1681816437,17194520,12636098,1144,0,783,3585
xz,testfile_14M.txt,2,11800,130,14680096,1573248,10.72,27039246392,27198405798,284361401,297259945,27870,0,1801,193,293575983,363078569,4589380,1260620,2316,0,201,1793
zstd,testfile_14M.txt,2,150,40,14680096,3463687,23.59,369487487,502280251,1900321,3476999,4799,0,123,55,117320640,211475157,481664,1115246,1094,0,63,450
gzip,testfile_14M.txt,3,1540,140,14680096,5479146,37.32,3478945215,3615189685,37616320,786885,319,0,455,21,323464804,480618637,2620966,229576,325,0,28,449
bzip2,testfile_14M.txt,3,1860,930,14680096,3172974,21.61,4313352269,4992453585,76356312,21041464,1811,0,3593,775,2174612231,1681801771,17224538,12942949,1152,0,783,3585
xz,testfile_14M.txt,3,11810,120,14680096,1573248,10.72,27238933049,27204302845,284589821,303990553,27868,0,1801,193,293154704,363097350,4620733,1257207,2315,0,201,1793
zstd,testfile_14M.txt,3,150,40,14680096,3463687,23.59,393299526,502164827,1895767,4086065,4796,0,123,55,109211833,211440206,479254,987352,1097,0,63,450
gzip,testfile_15M.txt,1,1660,150,15728663,5870869,37.33,3739431135,3875141150,40275164,810694,318,0,487,23,349162915,514623309,2842178,253319,318,0,30,481
bzip2,testfile_15M.txt,1,2000,1000,15728663,3399724,21.61,4594084363,5338792866,81738011,21477704,1807,0,3849,831,2309902887,1802436539,18389974,13977961,1148,0,839,3841
xz,testfile_15M.txt,1,12820,130,15728663,1670468,10.62,29271727259,29181753094,305801609,328797759,27867,0,1929,204,309163034,383921227,4885005,1340259,2310,0,212,1921
zstd,testfile_15M.txt,1,170,40,15728663,3701562,23.53,401347870,535490624,2019345,3843737,5047,0,131,59,116334274,225152544,513655,1008056,1098,0,67,483
gzip,testfile_15M.txt,2,1680,150,15728663,5870869,37.33,3827761430,3875369810,40262443,826633,317,0,487,23,347243725,514585028,2826046,235669,320,0,30,481
bzip2,testfile_15M.txt,2,1990,1010,15728663,3399724,21.61,4580267298,5337673924,81638858,20934704,1807,0,3849,831,2321797682,1802737445,18386811,14118219,1150,0,839,3841
xz,testfile_15M.txt,2,12740,130,15728663,1670468,10.62,29301338077,29181570196,305806981,327478872,27870,0,1929,204,309030076,384058521,4855377,1362487,2314,0,212,1921
zstd,testfile_15M.txt,2,160,40,15728663,3701562,23.53,411399216,535390697,2019365,3946474,5049,0,131,59,116444202,225147542,510401,1002265,1093,0,67,483
gzip,testfile_15M.txt,3,1640,150,15728663,5870869,37.33,3945855180,3875611417,40272809,808259,321,0,487,23,351218303,514660422,2848654,248351,322,0,30,481
bzip2,testfile_15M.txt,3,2020,1010,15728663,3399724,21.61,4593238438,5338484274,81719611,21626863,1808,0,3849,831,2318651426,1802663512,18425536,14090499,1148,0,839,3841
xz,testfile_15M.txt,3,12780,130,15728663,1670468,10.62,29166508407,29176021231,305448034,323894320,27865,0,1929,204,310036400,384002814,4853898,1365495,2315,0,212,1921
zstd,testfile_15M.txt,3,150,50,15728663,3701562,23.53,401779436,535617183,2021796,3866284,5046,0,131,59,116070944,225065985,512493,1010978,1097,0,67,483
gzip,testfile_16M.txt,1,1770,160,16777284,6261952,37.32,4087314597,4130055655,42925425,818281,321,0,519,24,371247844,548537199,3011211,241307,319,0,31,513
bzip2,testfile_16M.txt,1,2150,1060,16777284,3618766,21.57,4877841544,5693961008,86944649,22579720,1807,0,4105,884,2443034889,1919580047,19585436,14437378,1149,0,892,4097
xz,testfile_16M.txt,1,13600,140,16777284,1769884,10.55,31270048120,31117546600,327010037,352767676,27867,0,2057,217,327953060,407169968,5187644,1475196,2313,0,225,2049
zstd,testfile_16M.txt,1,180,50,16777284,3941967,23.50,425582498,571812085,2144134,4035152,5308,0,139,61,124301244,239165379,550128,1101721,1095,0,71,515
gzip,testfile_16M.txt,2,1860,160,16777284,6261952,37.32,4031423371,4129935209,42942021,791371,320,0,519,24,368846160,548537043,2995136,235210,320,0,31,513
bzip2,testfile_16M.txt,2,2130,1070,16777284,3618766,21.57,4862579334,5693754064,86915296,21030797,1808,0,4105,884,2435646367,1919486552,19609134,14055085,1147,0,892,4097
xz,testfile_16M.txt,2,13610,140,16777284,1769884,10.55,31263953172,31113199370,326951081,349049737,27870,0,2057,217,328829857,407259757,5186754,1508310,2311,0,225,2049
zstd,testfile_16M.txt,2,160,50,16777284,3941967,23.50,425569710,571001733,2139866,4084109,5307,0,139,61,122033623,239178937,544937,1020616,1097,0,71,515
gzip,testfile_16M.txt,3,1760,160,16777284,6261952,37.32,4089942919,4130993576,42927240,918871,318,0,519,24,371333542,548799894,3006638,262714,324,0,31,513
bzip2,testfile_16M.txt,3,2120,1060,16777284,3618766,21.57,4871275880,5693042281,86982471,20854905,1807,0,4105,884,2477100799,1920113311,19613366,15147703,1147,0,892,4097
xz,testfile_16M.txt,3,13640,140,16777284,1769884,10.55,31234364120,31115541015,326413608,348475975,27868,0,2057,217,328904995,407350101,5218835,1505372,2316,0,225,2049
zstd,testfile_16M.txt,3,170,50,16777284,3941967,23.50,423338278,571366366,2141973,3983970,5308,0,139,61,121202776,239047656,547073,1029056,1091,0,71,515
gzip,testfile_17M.txt,1,1840,170,17825837,6656170,37.34,4462195089,4390118331,45646431,1013769,316,0,551,26,391270238,582681341,3175511,249128,322,0,33,545
bzip2,testfile_17M.txt,1,2280,1120,17825837,3843753,21.56,5195299399,6067577513,92681162,23477387,1806,0,4361,939,2573636240,2038126754,20674449,14631202,1150,0,947,4353
xz,testfile_17M.txt,1,14490,150,17825837,1867868,10.48,33232671247,33092166734,347006835,375173956,27871,0,2185,229,349943207,428040529,5482688,1588000,2315,0,237,2177
zstd,testfile_17M.txt,1,200,50,17825837,4223144,23.69,458773715,611633270,2302897,4085792,5663,0,147,72,132867122,255420209,562667,1154177,1097,0,75,547
gzip,testfile_17M.txt,2,2020,170,17825837,6656170,37.34,4258569107,4388456236,45608901,901518,319,0,551,26,392562815,582723107,3197638,256336,325,0,33,545
bzip2,testfile_17M.txt,2,2260,1140,17825837,3843753,21.56,5214849221,6069205819,92713158,23676789,1809,0,4361,939,2645925006,2038647446,20832388,16124201,1149,0,947,4353
xz,testfile_17M.txt,2,14490,150,17825837,1867868,10.48,33278336017,33094009546,347272487,373311963,27867,0,2185,229,355266033,428515128,5502317,1780670,2314,0,237,2177
zstd,testfile_17M.txt,2,180,50,17825837,4223144,23.69,453497567,610309044,2301500,4306152,5595,0,147,72,128505192,255290672,560117,1092678,1095,0,75,547
gzip,testfile_17M.txt,3,1830,170,17825837,6656170,37.34,4228286344,4387995120,45609813,899759,317,0,551,26,396321331,582859061,3231297,294574,322,0,33,545
bzip2,testfile_17M.txt,3,2260,1130,17825837,3843753,21.56,5196258861,6067602693,92602960,23834328,1804,0,4361,939,2595802706,2038517468,20722946,15114414,1150,0,947,4353
xz,testfile_17M.txt,3,14430,150,17825837,1867868,10.48,33616881638,33094642351,347335192,373876442,27874,0,2185,229,344347024,427956211,5447854,1531137,2312,0,237,2177
zstd,testfile_17M.txt,3,180,50,17825837,4223144,23.69,458873460,611045531,2312408,4373085,5590,0,147,72,129290333,255269821,561086,1114931,1094,0,75,547
gzip,testfile_18M.txt,1,1990,180,18874412,7044981,37.33,4633746072,4652626996,48340858,1041921,317,0,583,27,413864044,616641895,3357625,261411,318,0,34,577
bzip2,testfile_18M.txt,1,2400,1200,18874412,4054842,21.48,5507481507,6419462956,98043570,25630493,1807,0,4617,990,2766292845,2153086392,22010725,16492504,1146,0,998,4609
xz,testfile_18M.txt,1,15480,160,18874412,1966960,10.42,35298027955,35154035054,369415092,398257594,27872,0,2313,241,368672253,449372308,5762245,1766061,2316,0,249,2305
zstd,testfile_18M.txt,1,210,50,18874412,4469064,23.68,483250356,644099772,2433484,4498403,5849,0,155,76,143402550,269685194,593937,1322416,1095,0,79,579
gzip,testfile_18M.txt,2,1950,180,18874412,7044981,37.33,4658683980,4651632636,48344561,959006,318,0,583,27,414426733,616726890,3366170,277073,322,0,34,577
bzip2,testfile_18M.txt,2,2410,1200,18874412,4054842,21.48,5498528105,6418780593,98063073,24395267,1810,0,4617,990,2775489214,2153495763,21975756,16416653,1151,0,998,4609
xz,testfile_18M.txt,2,15360,150,18874412,1966960,10.42,35239466895,35148723888,369246675,394149916,27870,0,2313,241,367813282,449357846,5747328,1743286,2319,0,249,2305
zstd,testfile_18M.txt,2,190,60,18874412,4469064,23.68,481407947,644792180,2436963,4451331,5851,0,155,76,135151845,269590998,584500,1171160,1099,0,79,579
gzip,testfile_18M.txt,3,1960,180,18874412,7044981,37.33,4494020490,4650974056,48337428,918821,320,0,583,27,415887282,616754682,3378446,259554,326,0,34,577
bzip2,testfile_18M.txt,3,2400,1200,18874412,4054842,21.48,5484293763,6419507484,98119251,23709630,1811,0,4617,990,2822934734,2153126647,21880438,17770013,1149,0,998,4609
xz,testfile_18M.txt,3,15380,150,18874412,1966960,10.42,35261420701,35148894416,368597561,396525158,27868,0,2313,241,361843014,449218645,5716154,1668583,2315,0,249,2305
zstd,testfile_18M.txt,3,190,50,18874412,4469064,23.68,477891959,645089371,2428039,4420297,5850,0,155,76,137194983,269628198,587950,1203413,1097,0,79,579
gzip,testfile_19M.txt,1,2220,190,19923017,7436278,37.33,4806868753,4904746865,51002265,1018561,320,0,615,29,437980173,650573004,3558323,288375,326,0,36,609
bzip2,testfile_19M.txt,1,2530,1250,19923017,4291754,21.54,5804208645,6757561274,103385733,26849750,1809,0,4873,1048,2926328574,2274691080,23301109,17225398,1152,0,1056,4865
xz,testfile_19M.txt,1,16180,160,19923017,2062404,10.35,37159989103,36962055459,387400003,418049457,27869,0,2441,252,381374200,470173711,6025147,1841801,2318,0,260,2433
zstd,testfile_19M.txt,1,200,50,19923017,4698848,23.59,504032240,676396992,2554043,4749205,6107,0,163,80,141310543,283020300,628575,1194406,1093,0,81,611
gzip,testfile_19M.txt,2,2180,190,19923017,7436278,37.33,4896166954,4905355474,50991137,1045326,318,0,615,29,437156031,650331396,3566200,256544,323,0,36,609
bzip2,testfile_19M.txt,2,2520,1280,19923017,4291754,21.54,5785955142,6757965202,103398886,25026864,1806,0,4873,1048,2938952479,2274668346,23294891,17462501,1150,0,1056,4865
xz,testfile_19M.txt,2,16190,160,19923017,2062404,10.35,37086785860,36960725805,388367930,418339852,27870,0,2441,252,379285900,470062735,6013363,1808475,2314,0,260,2433
zstd,testfile_19M.txt,2,200,50,19923017,4698848,23.59,526983286,676908610,2574559,4862520,6107,0,163,80,141632849,282937787,629542,1194640,1093,0,81,611
gzip,testfile_19M.txt,3,2160,200,19923017,7436278,37.33,4718084196,4903744535,50946082,1009349,320,0,615,29,437548284,650326959,3568024,266772,322,0,36,609
bzip2,testfile_19M.txt,3,2540,1280,19923017,4291754,21.54,5812359751,6758942914,103328546,27343621,1809,0,4873,1048,2922852950,2274587858,23240795,17516597,1145,0,1056,4865
xz,testfile_19M.txt,3,16170,160,19923017,2062404,10.35,37196850547,36962068215,388176872,416741654,27870,0,2441,252,393184304,470377681,6064761,1954199,2312,0,260,2433
zstd,testfile_19M.txt,3,200,50,19923017,4698848,23.59,504666458,676570712,2543605,4637887,6108,0,163,80,143474233,282925909,633660,1278726,1095,0,81,611
gzip,testfile_1M.txt,1,110,10,1048579,393438,37.52,255161992,261059687,2704876,127979,318,0,39,2,29567105,39058443,221395,123965,324,0,9,33
bzip2,testfile_1M.txt,1,140,70,1048579,238334,22.73,325430205,369945303,5412149,1503004,1809,0,265,59,173590426,132529975,1321197,1283288,1148,0,67,257
xz,testfile_1M.txt,1,650,20,1048579,227052,21.65,1455982473,1757720542,17928394,7668713,10468,0,137,28,49268789,58526630,783148,141400,523,0,36,129
zstd,testfile_1M.txt,1,20,10,1048579,303649,28.96,43490586,53326200,233751,383767,1052,0,19,7,16456474,24790704,48779,164690,627,0,15,34
gzip,testfile_1M.txt,2,110,10,1048579,393438,37.52,255006088,261046996,2703864,134222,319,0,39,2,29552693,39101596,220693,116401,323,0,9,33
bzip2,testfile_1M.txt,2,130,70,1048579,238334,22.73,323454582,369424561,5407780,1646903,1804,0,265,59,164146631,132092159,1310504,976722,1150,0,67,257
xz,testfile_1M.txt,2,630,20,1048579,227052,21.65,1454135161,1757711197,17896388,7576077,10469,0,137,28,49387460,58590425,779019,136903,530,0,36,129
zstd,testfile_1M.txt,2,10,10,1048579,303649,28.96,42887636,53348552,231148,370677,1057,0,19,7,17013765,24781552,48561,146633,625,0,15,34
gzip,testfile_1M.txt,3,130,10,1048579,393438,37.52,255964236,261026369,2706227,136000,318,0,39,2,29709892,39096599,221129,120815,324,0,9,33
bzip2,testfile_1M.txt,3,130,70,1048579,238334,22.73,325323345,369347878,5406068,1684674,1807,0,265,59,160978846,132007869,1308220,957555,1149,0,67,257
xz,testfile_1M.txt,3,630,20,1048579,227052,21.65,1456179545,1757856579,17887059,7580735,10468,0,137,28,49273979,58538323,784870,150543,524,0,36,129
zstd,testfile_1M.txt,3,10,0,1048579,303649,28.96,42854912,53283207,233630,358157,1055,0,19,7,17125569,24771432,48813,149625,624,0,15,34
gzip,testfile_20M.txt,1,2240,200,20971576,7830187,37.34,5057941716,5164018407,53679616,1029342,317,0,647,30,459926098,684518986,3761350,279777,325,0,37,641
bzip2,testfile_20M.txt,1,2670,1340,20971576,4524667,21.58,6100424501,7133853231,109100287,27127312,1805,0,5129,1105,3057413774,2395149312,24397960,17650873,1150,0,1113,5121
xz,testfile_20M.txt,1,17090,170,20971576,2162124,10.31,39152837399,38991956184,409452144,441585145,27868,0,2569,264,394626142,491428069,6258271,1837872,2309,0,272,2561
zstd,testfile_20M.txt,1,230,60,20971576,4937906,23.55,543470943,709424554,2685010,5268218,6359,0,171,84,152641959,296918771,663501,1306280,1099,0,85,642
gzip,testfile_20M.txt,2,2240,200,20971576,7830187,37.34,5029098998,5165530708,53681685,1057132,316,0,647,30,461048942,684537212,3778090,288358,324,0,37,641
bzip2,testfile_20M.txt,2,2670,1320,20971576,4524667,21.58,6100139123,7133961014,109109600,27064686,1808,0,5129,1105,3089194551,2395495065,24578106,18581845,1150,0,1113,5121
xz,testfile_20M.txt,2,17070,170,20971576,2162124,10.31,39608177035,39001582054,409969762,450439687,27870,0,2569,264,396823164,491639208,6305302,1940184,2315,0,272,2561
zstd,testfile_20M.txt,2,210,60,20971576,4937906,23.55,553458387,709048450,2695090,5302545,6361,0,171,84,152672609,296943125,660850,1350495,1095,0,85,642
gzip,testfile_20M.txt,3,2230,200,20971576,7830187,37.34,5055909355,5163833365,53686599,1007867,319,0,647,30,463672196,684490427,3821660,280308,323,0,37,641
bzip2,testfile_20M.txt,3,2660,1330,20971576,4524667,21.58,6105532627,7134820100,109146600,27080401,1809,0,5129,1105,3059417767,2395564968,24444896,18094324,1149,0,1113,5121
xz,testfile_20M.txt,3,17150,170,20971576,2162124,10.31,39570822072,38996772861,409699311,446987381,27868,0,2569,264,397014926,491635695,6277193,1914224,2318,0,272,2561
zstd,testfile_20M.txt,3,200,60,20971576,4937906,23.55,532110793,710138188,2680209,5224331,6361,0,171,84,151686075,296882589,646806,1301158,1096,0,85,642
gzip,testfile_21M.txt,1,2360,210,22020156,8222720,37.34,5300069421,5423154003,56405103,1040401,320,0,679,32,486464214,718793686,3989117,309966,323,0,39,673
bzip2,testfile_21M.txt,1,2800,1390,22020156,4753720,21.59,6411640217,7470336208,114150968,29546515,1809,0,5385,1161,3244546877,2518021705,25727640,19488527,1148,0,1169,5377
xz,testfile_21M.txt,1,18060,180,22020156,2262556,10.27,41382282276,40941663235,430885600,474885008,27867,0,2697,277,416488750,513819385,6613025,2035279,2315,0,285,2689
zstd,testfile_21M.txt,1,240,60,22020156,5184087,23.54,566570232,744778616,2807717,5345623,6926,0,179,87,156288358,311185955,685946,1362468,1094,0,89,675
gzip,testfile_21M.txt,2,2340,210,22020156,8222720,37.34,5248828992,5423738658,56400392,1085522,318,0,679,32,484658076,718675011,3958660,281521,322,0,39,673
bzip2,testfile_21M.txt,2,2800,1410,22020156,4753720,21.59,6401224443,7469969620,114167969,29587430,1807,0,5385,1161,3219001212,2517932926,25742057,18958414,1152,0,1169,5377
xz,testfile_21M.txt,2,18010,180,22020156,2262556,10.27,41377877879,40941931292,431108591,473027243,27869,0,2697,277,415363991,513890081,6601053,2020440,2314,0,285,2689
zstd,testfile_21M.txt,2,230,60,22020156,5184087,23.54,562277160,743277382,2806317,5528240,6616,0,179,87,154951529,311236828,685878,1307975,1096,0,89,675
gzip,testfile_21M.txt,3,2290,210,22020156,8222720,37.34,5248340785,5424257423,56429112,1133219,315,0,679,32,485102990,718683307,3960480,295561,325,0,39,673
bzip2,testfile_21M.txt,3,2800,1420,22020156,4753720,21.59,6440086580,7470932695,114181861,31168111,1807,0,5385,1161,3203433559,2517877797,25619590,18798563,1150,0,1169,5377
xz,testfile_21M.txt,3,18030,180,22020156,2262556,10.27,41354242262,40939971637,429773845,473822904,27868,0,2697,277,415064348,513956324,6567880,2008313,2314,0,285,2689
zstd,testfile_21M.txt,3,210,60,22020156,5184087,23.54,553242547,742462692,2800230,5234895,6614,0,179,87,153588291,311275799,679064,1286209,1097,0,89,675
gzip,testfile_22M.txt,1,2410,220,23068730,8606662,37.31,5610331051,5679115756,59032442,1162074,316,0,711,33,505276502,752275740,4119115,290144,324,0,40,705
bzip2,testfile_22M.txt,1,2940,1480,23068730,4973017,21.56,6696729836,7804283981,119492568,29827902,1807,0,5641,1215,3415051698,2635139463,26989609,20903028,1147,0,1223,5633
xz,testfile_22M.txt,1,18980,190,23068730,2359920,10.23,43489298554,42942811753,451904334,501367092,27869,0,2825,289,430005815,534846402,6794238,2097578,2313,0,297,2817
zstd,testfile_22M.txt,1,220,60,23068730,5420245,23.50,603393203,776680773,2940573,5961881,6872,0,187,90,161240988,324983243,711351,1360896,1097,0,93,707
gzip,testfile_22M.txt,2,2450,220,23068730,8606662,37.31,5465635035,5678807090,59002798,1150801,318,0,711,33,506196264,752346364,4117877,289631,322,0,40,705
bzip2,testfile_22M.txt,2,2920,1470,23068730,4973017,21.56,6679230364,7802804415,119423590,29683416,1808,0,5641,1215,3403243596,2634880900,26980669,20479154,1152,0,1223,5633
xz,testfile_22M.txt,2,18960,190,23068730,2359920,10.23,43389236865,42940959513,451688700,497398427,27870,0,2825,289,433101441,534908587,6856682,2087720,2313,0,297,2817
zstd,testfile_22M.txt,2,230,60,23068730,5420245,23.50,588126123,775860328,2924771,5705841,6874,0,187,90,161912826,324905296,716333,1374031,1097,0,93,707
gzip,testfile_22M.txt,3,2480,220,23068730,8606662,37.31,5550400468,5678920736,59026226,1115807,318,0,711,33,505720460,752629793,4098070,320015,325,0,40,705
bzip2,testfile_22M.txt,3,2920,1480,23068730,4973017,21.56,6733583849,7804411500,119480885,33762760,1810,0,5641,1215,3394216072,2634863091,26835334,20698882,1151,0,1223,5633
xz,testfile_22M.txt,3,18930,190,23068730,2359920,10.23,43353295475,42935926094,452216662,491177110,27866,0,2825,289,433048224,534898668,6807216,2186614,2315,0,297,2817
zstd,testfile_22M.txt,3,230,60,23068730,5420245,23.50,582032963,775196566,2925410,5560818,6874,0,187,90,165102803,324931454,718704,1419966,1096,0,93,707
gzip,testfile_23M.txt,1,2520,230,24117326,8998585,37.31,5806975165,5935958670,61684790,1196262,320,0,743,35,528030574,786085688,4311891,294657,325,0,42,737
bzip2,testfile_23M.txt,1,3070,1530,24117326,5193280,21.53,6993936948,8203686410,125098111,30074364,1811,0,5897,1268,3561982839,2751867333,28129986,21593892,1150,0,1276,5889
xz,testfile_23M.txt,1,19840,190,24117326,2458600,10.19,45226812708,44878486711,471751272,516807714,27869,0,2953,301,447545051,556199031,7127469,2216002,2319,0,309,2945
zstd,testfile_23M.txt,1,240,60,24117326,5660321,23.47,605953546,808905442,3048038,5691041,7127,0,195,93,169088569,338983801,756528,1445962,1098,0,97,739
gzip,testfile_23M.txt,2,2620,230,24117326,8998585,37.31,6193052974,5936020937,61711315,1183388,320,0,743,35,528067294,786055878,4307084,294090,323,0,42,737
bzip2,testfile_23M.txt,2,3060,1560,24117326,5193280,21.53,6994717060,8202752187,125102672,29517333,1807,0,5897,1268,3539471170,2753045249,28136992,21238762,1150,0,1276,5889
xz,testfile_23M.txt,2,19790,200,24117326,2458600,10.19,45367588341,44880594606,472583325,517493431,27870,0,2953,301,448298250,556168184,7138281,2220485,2315,0,309,2945
zstd,testfile_23M.txt,2,240,60,24117326,5660321,23.47,616192850,809328812,3041401,5803710,7132,0,195,93,171109593,339076062,755896,1486007,1096,0,97,739
gzip,testfile_23M.txt,3,2480,230,24117326,8998585,37.31,5979183790,5936765127,61691989,1250922,321,0,743,35,532691212,786069491,4364608,329920,323,0,42,737
bzip2,testfile_23M.txt,3,3060,1520,24117326,5193280,21.53,7000022311,8202827271,125092387,29149239,1807,0,5897,1268,3517980483,2752112569,28085494,20553733,1149,0,1276,5889
xz,testfile_23M.txt,3,19760,190,24117326,2458600,10.19,45228335963,44875213002,472516829,514018434,27871,0,2953,301,446772059,556119502,7089382,2147793,2313,0,309,2945
zstd,testfile_23M.txt,3,240,60,24117326,5660321,23.47,616233735,811519790,3061087,6082452,7549,0,195,93,170070232,338986564,753253,1443040,1098,0,97,739
gzip,testfile_24M.txt,1,2610,240,25165915,9391336,37.32,5971827463,6196972708,64443906,1235520,316,0,775,36,551269731,820315163,4517873,324273,321,0,43,769
bzip2,testfile_24M.txt,1,3180,1630,25165915,5410866,21.50,7353836964,8538723607,130436316,35356743,1810,0,6153,1322,3718726781,2869093340,29102642,22623294,1149,0,1330,6145
xz,testfile_24M.txt,1,20650,200,25165915,2556852,10.16,47274927546,46852292633,493303895,536699344,27870,0,3081,313,466324918,577245916,7426614,2306215,2319,0,321,3073
zstd,testfile_24M.txt,1,250,70,25165915,5902881,23.46,655246268,844711789,3173216,6396586,7387,0,203,97,180821747,352986332,791128,1623085,1098,0,101,771
gzip,testfile_24M.txt,2,2600,240,25165915,9391336,37.32,5965453220,6195743928,64452886,1257262,321,0,775,36,551116780,820217887,4498596,300248,325,0,43,769
bzip2,testfile_24M.txt,2,3200,1620,25165915,5410866,21.50,7268758912,8536699979,130442626,29527743,1809,0,6153,1322,3733362882,2868714573,29133550,22963891,1150,0,1330,6145
xz,testfile_24M.txt,2,20630,200,25165915,2556852,10.16,47319873886,46851167036,492578600,538650449,27868,0,3081,313,481744425,577873139,7415142,2522496,2314,0,321,3073
zstd,testfile_24M.txt,2,250,70,25165915,5902881,23.46,637361606,846161444,3179577,6247208,7387,0,203,97,184465980,353123388,786154,1778055,1092,0,101,771
gzip,testfile_24M.txt,3,2630,240,25165915,9391336,37.32,6109862864,6196553215,64437275,1281434,321,0,775,36,554152246,820286336,4500961,339874,325,0,43,769
bzip2,testfile_24M.txt,3,3180,1610,25165915,5410866,21.50,7333528779,8536689273,130324059,36216383,1811,0,6153,1322,3686379987,2868422107,29270801,21667654,1148,0,1330,6145
xz,testfile_24M.txt,3,20630,200,25165915,2556852,10.16,47418922511,46860938530,492774539,545665978,27868,0,3081,313,464294295,577214130,7363939,2275517,2313,0,321,3073
zstd,testfile_24M.txt,3,250,70,25165915,5902881,23.46,641343675,844851017,3176431,6145071,7385,0,203,97,177818531,352900939,789701,1510627,1094,0,101,771
gzip,testfile_25M.txt,1,2800,250,26214467,9788144,37.34,6910122837,6456700108,67129490,1203527,316,0,807,38,577435273,854515401,4721280,319969,321,0,45,801
bzip2,testfile_25M.txt,1,3330,1690,26214467,5642130,21.52,7691568635,8903845925,136135734,37952939,1806,0,6409,1378,3827209274,2988690127,30526161,22347668,1150,0,1386,6401
xz,testfile_25M.txt,1,21520,210,26214467,2652940,10.12,49243417471,48780164154,513706337,561473556,27867,0,3209,324,481430806,598472504,7701032,2353333,2317,0,332,3201
zstd,testfile_25M.txt,1,260,70,26214467,6176076,23.56,672092490,882984672,3343790,6490230,7640,0,211,105,186289498,368890334,814485,1604001,1097,0,105,803
gzip,testfile_25M.txt,2,2850,250,26214467,9788144,37.34,6386179144,6456127594,67142412,1261319,320,0,807,38,598630902,854677904,4702390,312855,323,0,45,801
bzip2,testfile_25M.txt,2,3320,1670,26214467,5642130,21.52,7655172462,8904680437,136039873,37098102,1808,0,6409,1378,3845770771,2989325514,30618326,22909951,1153,0,1386,6401
xz,testfile_25M.txt,2,21590,210,26214467,2652940,10.12,49378737173,48782805670,514200707,565898419,27872,0,3209,324,481422204,598558444,7679653,2416462,2317,0,332,3201
zstd,testfile_25M.txt,2,260,70,26214467,6176076,23.56,666420493,882415719,3340705,6530846,7646,0,211,105,180561806,368790760,804385,1444283,1096,0,105,803
gzip,testfile_25M.txt,3,2720,250,26214467,9788144,37.34,6276127369,6456525166,67124334,1310450,320,0,807,38,578878694,854803940,4738632,363808,327,0,45,801
bzip2,testfile_25M.txt,3,3330,1680,26214467,5642130,21.52,7630624804,8904096884,136136375,35227805,1808,0,6409,1378,3891646525,2989880593,30551330,24045562,1148,0,1386,6401
xz,testfile_25M.txt,3,21480,210,26214467,2652940,10.12,49489696798,48786495475,514559155,569105016,27871,0,3209,324,487313629,598925797,7647946,2511687,2317,0,332,3201
zstd,testfile_25M.txt,3,260,70,26214467,6176076,23.56,665197434,882113584,3335109,6312446,7642,0,211,105,183524654,368875613,813936,1532960,1098,0,105,803
gzip,testfile_2M.txt,1,260,20,2097152,785086,37.44,510595483,519231182,5381190,185366,320,0,70,3,55758169,73079862,421293,167231,321,0,10,64
bzip2,testfile_2M.txt,1,270,130,2097152,467777,22.31,619075329,723220214,10865074,2583408,1807,0,520,115,317677022,252276356,2566090,1922745,1151,0,123,512
xz,testfile_2M.txt,1,1390,30,2097152,361264,17.23,3193650394,3642998565,37230440,22655353,12877,0,264,45,73267061,89459577,1175726,183011,780,0,53,256
zstd,testfile_2M.txt,1,30,10,2097152,544779,25.98,68822469,87997502,356648,621976,1372,0,26,11,26276752,41057813,78745,241007,1005,0,19,65
gzip,testfile_2M.txt,2,220,20,2097152,785086,37.44,523907459,519226997,5385083,198618,320,0,70,3,52219244,73069462,404286,124778,324,0,10,64
bzip2,testfile_2M.txt,2,270,140,2097152,467777,22.31,618296125,723246887,10859232,2557163,1809,0,520,115,312191365,252118879,2563621,1738967,1148,0,123,512
xz,testfile_2M.txt,2,1390,30,2097152,361264,17.23,3205425394,3642926358,37302176,22820081,12875,0,264,45,73640165,89440397,1183977,180279,778,0,53,256
zstd,testfile_2M.txt,2,30,10,2097152,544779,25.98,68397817,87849069,359326,610125,1372,0,26,11,26749282,41094875,77752,223371,1006,0,19,65
gzip,testfile_2M.txt,3,230,20,2097152,785086,37.44,519089263,519263461,5389040,218038,319,0,70,3,52034057,73069690,404617,143324,319,0,10,64
bzip2,testfile_2M.txt,3,270,130,2097152,467777,22.31,621039801,723412579,10868101,2628794,1807,0,520,115,312780155,252108094,2555860,1740233,1145,0,123,512
xz,testfile_2M.txt,3,1390,30,2097152,361264,17.23,3197011191,3642937575,37224293,22898025,12876,0,264,45,73176737,89496615,1180734,197342,779,0,53,256
zstd,testfile_2M.txt,3,20,10,2097152,544779,25.98,67728378,87740629,359325,594422,1370,0,26,11,26175284,41053302,77179,236426,1006,0,19,65
gzip,testfile_3M.txt,1,330,30,3145740,1175401,37.36,793646874,777141472,8068795,211226,316,0,103,5,75091560,106992290,593051,131621,323,0,12,97
bzip2,testfile_3M.txt,1,420,200,3145740,692248,22.01,934161095,1081775633,16389167,4321043,1809,0,777,170,460251162,372401352,3786992,2517522,1146,0,178,769
xz,testfile_3M.txt,1,2200,40,3145740,475072,15.10,5049919418,5571305112,57205392,41475444,15193,0,393,58,94057499,116385835,1510557,222813,1037,0,66,385
zstd,testfile_3M.txt,1,40,10,3145740,784352,24.93,94746043,122518913,483893,865739,1682,0,35,13,34448146,55698634,120076,279120,1096,0,21,99
gzip,testfile_3M.txt,2,330,30,3145740,1175401,37.36,772600007,777244077,8072712,246139,320,0,103,5,74731996,106996321,589061,140851,322,0,12,97
bzip2,testfile_3M.txt,2,400,200,3145740,692248,22.01,928737460,1081505537,16384881,3896233,1809,0,777,170,470917480,372619674,3780502,2772249,1147,0,178,769
xz,testfile_3M.txt,2,2200,40,3145740,475072,15.10,5057925591,5570922779,57157011,41573609,15192,0,393,58,93565005,116318535,1509723,220696,1036,0,66,385
zstd,testfile_3M.txt,2,40,10,3145740,784352,24.93,93810097,122810515,484294,887772,1690,0,35,13,33806487,55686695,119791,297384,1095,0,21,99
gzip,testfile_3M.txt,3,350,30,3145740,1175401,37.36,763455192,777121767,8072511,255793,318,0,103,5,75700845,106968616,608068,135395,322,0,12,97
bzip2,testfile_3M.txt,3,400,200,3145740,692248,22.01,934311649,1081884712,16399411,4308876,1810,0,777,170,459683237,372404135,3756744,2512036,1150,0,178,769
xz,testfile_3M.txt,3,2200,40,3145740,475072,15.10,5056560261,5570698963,57199983,41485188,15194,0,393,58,93576163,116345834,1505347,220804,1037,0,66,385
zstd,testfile_3M.txt,3,40,10,3145740,784352,24.93,94243688,122685789,484747,889405,1690,0,35,13,33975280,55721982,120158,293680,1097,0,21,99
gzip,testfile_4M.txt,1,450,40,4194312,1567419,37.37,1029343867,1034489117,10760846,287131,319,0,135,6,97382833,140991667,777732,139303,322,0,13,129
bzip2,testfile_4M.txt,1,550,260,4194312,915329,21.82,1232609834,1435105754,21871547,5284466,1810,0,1033,224,628879604,491142935,4981757,3957457,1148,0,232,1025
xz,testfile_4M.txt,1,3030,50,4194312,580124,13.83,6950748756,7511947087,77358219,61693141,17501,0,521,71,112371769,140692537,1794141,274074,1290,0,79,513
zstd,testfile_4M.txt,1,50,20,4194312,1021681,24.36,118257465,156605763,604430,1148361,2003,0,43,17,40882778,69455586,148394,356918,1097,0,25,130
gzip,testfile_4M.txt,2,440,40,4194312,1567419,37.37,1002185468,1034378215,10747465,264104,320,0,135,6,99912543,141118100,779954,191500,329,0,13,129
bzip2,testfile_4M.txt,2,550,260,4194312,915329,21.82,1237442754,1434962368,21860459,5444784,1806,0,1033,224,606926190,490670204,4975945,3279055,1153,0,232,1025
xz,testfile_4M.txt,2,3030,50,4194312,580124,13.83,6959388646,7511761174,77065380,62078389,17501,0,521,71,112949021,140655982,1796337,286427,1289,0,79,513
zstd,testfile_4M.txt,2,50,10,4194312,1021681,24.36,122173097,156759736,610360,1180376,2000,0,43,17,40272542,69513533,148517,355723,1097,0,25,130
gzip,testfile_4M.txt,3,440,40,4194312,1567419,37.37,1019239671,1034433907,10751909,260057,320,0,135,6,97481004,140996829,776166,147857,320,0,13,129
bzip2,testfile_4M.txt,3,530,270,4194312,915329,21.82,1234164182,1434862153,21838002,5473922,1807,0,1033,224,602461440,490640930,4975536,3211238,1149,0,232,1025
xz,testfile_4M.txt,3,3040,50,4194312,580124,13.83,6968649225,7510823304,77354644,62242117,17501,0,521,71,112606827,140703741,1803224,268193,1294,0,79,513
zstd,testfile_4M.txt,3,40,20,4194312,1021681,24.36,119279085,156763362,604221,1120556,1998,0,43,17,40492140,69460358,150410,344337,1098,0,25,130
gzip,testfile_5M.txt,1,560,50,5242893,1960121,37.39,1302872858,1293265535,13433985,370441,319,0,167,8,122902122,175059813,973617,156872,325,0,15,161
bzip2,testfile_5M.txt,1,700,340,5242893,1135764,21.66,1539034755,1783580377,27201002,7155207,1806,0,1289,278,780617732,608178855,6176172,4801782,1145,0,286,1281
xz,testfile_5M.txt,1,3880,50,5242893,683844,13.04,8936973994,9469594190,97543384,84018601,19799,0,649,84,131460338,165092606,2091072,332835,1546,0,92,641
zstd,testfile_5M.txt,1,60,20,5242893,1262681,24.08,142613324,191495034,730942,1323135,2318,0,51,21,47185755,83537295,187818,418773,1096,0,29,163
gzip,testfile_5M.txt,2,570,50,5242893,1960121,37.39,1293038567,1293118066,13436771,335451,316,0,167,8,120457767,175022530,966759,153518,322,0,15,161
bzip2,testfile_5M.txt,2,670,340,5242893,1135764,21.66,1541916251,1783768343,27206595,7354177,1807,0,1289,278,769271084,608161319,6168724,4468018,1152,0,286,1281
xz,testfile_5M.txt,2,3900,50,5242893,683844,13.04,8935428996,9467381776,97688071,83529717,19804,0,649,84,135620242,165161994,2096765,397110,1547,0,92,641
zstd,testfile_5M.txt,2,60,20,5242893,1262681,24.08,144637830,191815141,730112,1332393,2313,0,51,21,48199882,83599630,189867,460113,1097,0,29,163
gzip,testfile_5M.txt,3,540,50,5242893,1960121,37.39,1344150966,1293419011,13428967,330974,317,0,167,8,120310151,175028824,967254,147627,323,0,15,161
bzip2,testfile_5M.txt,3,670,330,5242893,1135764,21.66,1542722329,1784152788,27208790,6889988,1808,0,1289,278,785027170,608291080,6184118,4829181,1151,0,286,1281
xz,testfile_5M.txt,3,3890,50,5242893,683844,13.04,8940138580,9469728909,97655054,84110749,19805,0,649,84,131633460,165089902,2087239,340169,1547,0,92,641
zstd,testfile_5M.txt,3,60,20,5242893,1262681,24.08,143964305,191431176,735954,1375792,2316,0,51,21,47411510,83528065,186846,408643,1093,0,29,163
gzip,testfile_6M.txt,1,660,60,6291469,2350034,37.35,1563222490,1552038298,16120260,410476,320,0,199,9,143049352,209042711,1149353,172654,325,0,16,193
bzip2,testfile_6M.txt,1,810,400,6291469,1353382,21.51,1848758624,2148627825,32711480,8113821,1805,0,1545,331,948809260,724943866,7372249,6164828,1149,0,339,1537
xz,testfile_6M.txt,1,4790,60,6291469,785096,12.48,10954406223,11460579547,118494525,105445800,22108,0,777,96,150728601,188517479,2353594,432004,1803,0,104,769
zstd,testfile_6M.txt,1,70,20,6291469,1503097,23.89,169372592,225710026,852548,1552657,2628,0,59,25,54302122,97410768,218896,464093,1093,0,33,195
gzip,testfile_6M.txt,2,660,60,6291469,2350034,37.35,1517024585,1551591643,16121566,386929,321,0,199,9,142917820,208974235,1151934,176986,323,0,16,193
bzip2,testfile_6M.txt,2,810,400,6291469,1353382,21.51,1849811125,2148140189,32710883,8658338,1806,0,1545,331,939096911,724919731,7373426,5747377,1148,0,339,1537
xz,testfile_6M.txt,2,4770,60,6291469,785096,12.48,10952149564,11461636038,118248047,106347438,22108,0,777,96,150407437,188602531,2352326,422008,1806,0,104,769
zstd,testfile_6M.txt,2,70,20,6291469,1503097,23.89,170816421,225662873,854841,1626015,2628,0,59,25,60759735,97520465,219539,575643,1094,0,33,195
gzip,testfile_6M.txt,3,650,60,6291469,2350034,37.35,1661682359,1552316430,16121612,400638,317,0,199,9,143575303,209038724,1154458,170602,325,0,16,193
bzip2,testfile_6M.txt,3,800,410,6291469,1353382,21.51,1845958882,2148120162,32691546,8484469,1809,0,1545,331,945767709,724868224,7315208,6031049,1147,0,339,1537
xz,testfile_6M.txt,3,4770,60,6291469,785096,12.48,10921380235,11460992672,118281051,106218511,22106,0,777,96,152414325,188644501,2372166,447903,1807,0,104,769
zstd,testfile_6M.txt,3,70,20,6291469,1503097,23.89,169845946,226139176,856184,1648196,2625,0,59,25,54452449,97500772,215455,462363,1098,0,33,195
gzip,testfile_7M.txt,1,770,70,7340044,2741266,37.35,1860973594,1809969377,18809072,423282,320,0,231,11,166082096,243023767,1343946,175499,325,0,18,225
bzip2,testfile_7M.txt,1,940,460,7340044,1590094,21.66,2157041707,2499145959,38091693,10215480,1809,0,1801,389,1093706026,846680973,8579150,6806533,1149,0,397,1793
xz,testfile_7M.txt,1,5680,70,7340044,885016,12.06,12936122419,13431651960,139044568,131051079,24413,0,905,109,170227771,211991745,2643936,498828,2061,0,117,897
zstd,testfile_7M.txt,1,80,20,7340044,1742860,23.74,197037484,260530290,983387,1949110,2941,0,67,29,60648662,111375840,251865,521109,1092,0,37,227
gzip,testfile_7M.txt,2,760,70,7340044,2741266,37.35,1773362522,1809910471,18801565,428065,320,0,231,11,166623949,242981638,1335966,171549,324,0,18,225
bzip2,testfile_7M.txt,2,930,470,7340044,1590094,21.66,2143122102,2498917871,38068751,9780693,1808,0,1801,389,1086284022,846483075,8626917,6574480,1151,0,397,1793
xz,testfile_7M.txt,2,5660,70,7340044,885016,12.06,12969640987,13431913691,138827021,130985986,24412,0,905,109,170723549,211994640,2650826,525502,2056,0,117,897
zstd,testfile_7M.txt,2,80,20,7340044,1742860,23.74,196274436,260263345,980318,1866186,2943,0,67,29,61079847,111559373,250061,558725,1098,0,37,227
gzip,testfile_7M.txt,3,780,70,7340044,2741266,37.35,1770589887,1809755050,18816160,424028,317,0,231,11,165093056,242888277,1330462,160697,320,0,18,225
bzip2,testfile_7M.txt,3,930,470,7340044,1590094,21.66,2142467863,2498794937,38085949,9895650,1807,0,1801,389,1075494874,846351398,8623030,6269819,1148,0,397,1793
xz,testfile_7M.txt,3,5650,70,7340044,885016,12.06,12948174777,13430356378,138924766,130143406,24411,0,905,109,170389132,212131470,2636653,548829,2064,0,117,897
zstd,testfile_7M.txt,3,80,20,7340044,1742860,23.74,196006073,259872996,978358,1870968,2943,0,67,29,61249192,111448501,252600,530164,1095,0,37,227
gzip,testfile_8M.txt,1,880,80,8388644,3133380,37.35,2006114400,2068702785,21515727,473979,316,0,263,12,188918569,276900015,1529959,183897,320,0,19,257
bzip2,testfile_8M.txt,1,1070,530,8388644,1820624,21.70,2443514739,2844364358,43340951,11124558,1808,0,2057,445,1263580741,966247971,9894833,7988086,1148,0,453,2049
xz,testfile_8M.txt,1,6540,80,8388644,984708,11.74,15031616392,15425639466,159838163,156164282,26713,0,1033,121,192969598,235190459,2910896,659142,2314,0,129,1025
zstd,testfile_8M.txt,1,100,30,8388644,1985071,23.66,219934019,297679668,1108526,2106901,3255,0,75,33,67766025,125511148,284977,604007,1094,0,41,259
gzip,testfile_8M.txt,2,940,80,8388644,3133380,37.35,1996743607,2069093883,21502722,489178,320,0,263,12,188216707,276906732,1517406,185351,324,0,19,257
bzip2,testfile_8M.txt,2,1060,530,8388644,1820624,21.70,2428294222,2843873163,43314033,10358742,1806,0,2057,445,1255152695,966677113,9897673,7940670,1151,0,453,2049
xz,testfile_8M.txt,2,6540,80,8388644,984708,11.74,14996664333,15424562066,160025545,155413183,26714,0,1033,121,189298813,235140161,2901247,591009,2312,0,129,1025
zstd,testfile_8M.txt,2,100,20,8388644,1985071,23.66,222521810,297619010,1110001,2292861,3263,0,75,33,67949621,125503962,284833,573211,1093,0,41,259
gzip,testfile_8M.txt,3,870,80,8388644,3133380,37.35,2037870500,2068783677,21510070,484815,317,0,263,12,190035271,276935607,1536860,179941,321,0,19,257
bzip2,testfile_8M.txt,3,1070,530,8388644,1820624,21.70,2435946496,2843545630,43342024,10700310,1810,0,2057,445,1228745234,966142815,9824873,7360184,1152,0,453,2049
xz,testfile_8M.txt,3,6570,80,8388644,984708,11.74,15030284040,15425180051,159972085,155290397,26716,0,1033,121,189727676,235383477,2923545,635627,2316,0,129,1025
zstd,testfile_8M.txt,3,90,20,8388644,1985071,23.66,222769129,297980238,1107896,2250259,3260,0,75,33,67667447,125509902,285100,570270,1098,0,41,259
gzip,testfile_9M.txt,1,990,90,9437210,3526519,37.37,2261175486,2328257230,24210968,569264,317,0,295,14,210536865,310964279,1702443,191427,322,0,21,289
bzip2,testfile_9M.txt,1,1200,600,9437210,2048997,21.71,2755088383,3203281984,48939887,12535954,1805,0,2313,501,1385275029,1088555424,11133079,8072145,1149,0,509,2305
xz,testfile_9M.txt,1,7420,90,9437210,1080844,11.45,17051891765,17372673465,180451886,180051752,26967,0,1161,132,207293746,256138569,3213048,744762,2312,0,140,1153
zstd,testfile_9M.txt,1,110,30,9437210,2262221,23.97,252737045,337796741,1272810,2498579,3516,0,83,37,74891630,141448124,302567,633979,1094,0,45,291
gzip,testfile_9M.txt,2,970,90,9437210,3526519,37.37,2310716989,2327898780,24217255,512688,316,0,295,14,211208023,310983416,1711030,182315,323,0,21,289
bzip2,testfile_9M.txt,2,1200,600,9437210,2048997,21.71,2767665153,3203677652,48972343,13073273,1810,0,2313,501,1404500748,1088735285,11098128,8727817,1153,0,509,2305
xz,testfile_9M.txt,2,7430,90,9437210,1080844,11.45,17031482005,17369391837,180426426,177459854,26973,0,1161,132,206086860,256174438,3204835,721471,2312,0,140,1153
zstd,testfile_9M.txt,2,100,30,9437210,2262221,23.97,251376974,337939443,1276140,2558309,3516,0,83,37,74530224,141475561,304203,649252,1099,0,45,291
gzip,testfile_9M.txt,3,1040,90,9437210,3526519,37.37,2243298172,2327757991,24205034,535089,317,0,295,14,211345426,311051039,1710120,204688,322,0,21,289
bzip2,testfile_9M.txt,3,1200,590,9437210,2048997,21.71,2745359719,3202585607,48971628,11750406,1805,0,2313,501,1396539871,1088710034,11095782,8513167,1144,0,509,2305
xz,testfile_9M.txt,3,7400,90,9437210,1080844,11.45,17024398338,17369036386,180730665,178101609,26973,0,1161,132,205926938,256277377,3199586,716121,2317,0,140,1153
zstd,testfile_9M.txt,3,100,30,9437210,2262221,23.97,247510817,337178592,1267730,2348226,3513,0,83,37,74695327,141411502,303665,631489,1095,0,45,291
